game_pk,game_date,away_team,home_team,venue,status,total_runs,total_strikeouts,total_home_runs,duration_min,attendance,note,error
822721,2026-06-17,Kansas City Royals,Washington Nationals,Nationals Park,pending,,,,,,Scheduled,
822722,2026-06-14,Seattle Mariners,Washington Nationals,Nationals Park,pending,,,,,,Scheduled,
822723,2026-06-16,Kansas City Royals,Washington Nationals,Nationals Park,pending,,,,,,Scheduled,
822724,2026-06-15,Kansas City Royals,Washington Nationals,Nationals Park,pending,,,,,,Scheduled,
822725,2026-06-13,Seattle Mariners,Washington Nationals,Nationals Park,pending,,,,,,Scheduled,
822726,2026-06-12,Seattle Mariners,Washington Nationals,Nationals Park,pending,,,,,,Scheduled,
822801,2026-06-14,New York Yankees,Toronto Blue Jays,Rogers Centre,pending,,,,,,Scheduled,
822802,2026-06-13,New York Yankees,Toronto Blue Jays,Rogers Centre,pending,,,,,,Scheduled,
822803,2026-06-12,New York Yankees,Toronto Blue Jays,Rogers Centre,pending,,,,,,Scheduled,
822804,2026-06-10,Philadelphia Phillies,Toronto Blue Jays,Rogers Centre,pending,,,,,,Scheduled,
822805,2026-06-09,Philadelphia Phillies,Toronto Blue Jays,Rogers Centre,pending,,,,,,Scheduled,
822806,2026-06-08,Philadelphia Phillies,Toronto Blue Jays,Rogers Centre,pending,,,,,,Scheduled,
822807,2026-06-07,Baltimore Orioles,Toronto Blue Jays,Rogers Centre,pending,,,,,,Scheduled,
822808,2026-06-06,Baltimore Orioles,Toronto Blue Jays,Rogers Centre,pending,,,,,,Scheduled,
822810,2026-06-05,Baltimore Orioles,Toronto Blue Jays,Rogers Centre,pending,,,,,,Scheduled,
822887,2026-06-15,Minnesota Twins,Texas Rangers,Globe Life Field,pending,,,,,,Scheduled,
822888,2026-06-16,Minnesota Twins,Texas Rangers,Globe Life Field,pending,,,,,,Scheduled,
822889,2026-06-18,Minnesota Twins,Texas Rangers,Globe Life Field,pending,,,,,,Scheduled,
822890,2026-06-07,Cleveland Guardians,Texas Rangers,Globe Life Field,pending,,,,,,Scheduled,
822891,2026-06-06,Cleveland Guardians,Texas Rangers,Globe Life Field,pending,,,,,,Scheduled,
822892,2026-06-05,Cleveland Guardians,Texas Rangers,Globe Life Field,pending,,,,,,Scheduled,
822969,2026-06-09,Boston Red Sox,Tampa Bay Rays,Tropicana Field,pending,,,,,,Scheduled,
822970,2026-06-10,Boston Red Sox,Tampa Bay Rays,Tropicana Field,pending,,,,,,Scheduled,
822972,2026-06-08,Boston Red Sox,Tampa Bay Rays,Tropicana Field,pending,,,,,,Scheduled,
823044,2026-06-17,San Diego Padres,St. Louis Cardinals,Busch Stadium,pending,,,,,,Scheduled,
823045,2026-06-16,San Diego Padres,St. Louis Cardinals,Busch Stadium,pending,,,,,,Scheduled,
823046,2026-06-15,San Diego Padres,St. Louis Cardinals,Busch Stadium,pending,,,,,,Scheduled,
823047,2026-06-07,Cincinnati Reds,St. Louis Cardinals,Busch Stadium,pending,,,,,,Scheduled,
823048,2026-06-06,Cincinnati Reds,St. Louis Cardinals,Busch Stadium,pending,,,,,,Scheduled,
823049,2026-06-05,Cincinnati Reds,St. Louis Cardinals,Busch Stadium,pending,,,,,,Scheduled,
823125,2026-06-18,Baltimore Orioles,Seattle Mariners,T-Mobile Park,pending,,,,,,Scheduled,
823127,2026-06-17,Baltimore Orioles,Seattle Mariners,T-Mobile Park,pending,,,,,,Scheduled,
823128,2026-06-16,Baltimore Orioles,Seattle Mariners,T-Mobile Park,pending,,,,,,Scheduled,
823211,2026-06-12,Chicago Cubs,San Francisco Giants,Oracle Park,pending,,,,,,Scheduled,
823212,2026-06-14,Chicago Cubs,San Francisco Giants,Oracle Park,pending,,,,,,Scheduled,
823213,2026-06-13,Chicago Cubs,San Francisco Giants,Oracle Park,pending,,,,,,Scheduled,
823214,2026-06-09,Washington Nationals,San Francisco Giants,Oracle Park,pending,,,,,,Scheduled,
823215,2026-06-10,Washington Nationals,San Francisco Giants,Oracle Park,pending,,,,,,Scheduled,
823218,2026-06-08,Washington Nationals,San Francisco Giants,Oracle Park,pending,,,,,,Scheduled,
823287,2026-06-10,Cincinnati Reds,San Diego Padres,Petco Park,pending,,,,,,Scheduled,
823289,2026-06-08,Cincinnati Reds,San Diego Padres,Petco Park,pending,,,,,,Scheduled,
823290,2026-06-09,Cincinnati Reds,San Diego Padres,Petco Park,pending,,,,,,Scheduled,
823291,2026-06-07,New York Mets,San Diego Padres,Petco Park,pending,,,,,,Scheduled,
823292,2026-06-06,New York Mets,San Diego Padres,Petco Park,pending,,,,,,Scheduled,
823293,2026-06-05,New York Mets,San Diego Padres,Petco Park,pending,,,,,,Scheduled,
823368,2026-06-14,Miami Marlins,Pittsburgh Pirates,PNC Park,pending,,,,,,Scheduled,
823369,2026-06-13,Miami Marlins,Pittsburgh Pirates,PNC Park,pending,,,,,,Scheduled,
823370,2026-06-12,Miami Marlins,Pittsburgh Pirates,PNC Park,pending,,,,,,Scheduled,
823371,2026-06-11,Los Angeles Dodgers,Pittsburgh Pirates,PNC Park,pending,,,,,,Scheduled,
823372,2026-06-10,Los Angeles Dodgers,Pittsburgh Pirates,PNC Park,pending,,,,,,Scheduled,
823374,2026-06-09,Los Angeles Dodgers,Pittsburgh Pirates,PNC Park,pending,,,,,,Scheduled,
823448,2026-06-18,New York Mets,Philadelphia Phillies,Citizens Bank Park,pending,,,,,,Scheduled,
823450,2026-06-17,Miami Marlins,Philadelphia Phillies,Citizens Bank Park,pending,,,,,,Scheduled,
823451,2026-06-16,Miami Marlins,Philadelphia Phillies,Citizens Bank Park,pending,,,,,,Scheduled,
823452,2026-06-15,Miami Marlins,Philadelphia Phillies,Citizens Bank Park,pending,,,,,,Scheduled,
823453,2026-06-07,Chicago White Sox,Philadelphia Phillies,Citizens Bank Park,pending,,,,,,Scheduled,
823454,2026-06-06,Chicago White Sox,Philadelphia Phillies,Citizens Bank Park,pending,,,,,,Scheduled,
823455,2026-06-05,Chicago White Sox,Philadelphia Phillies,Citizens Bank Park,pending,,,,,,Scheduled,
823533,2026-06-18,Chicago White Sox,New York Yankees,Yankee Stadium,pending,,,,,,Scheduled,
823535,2026-06-16,Chicago White Sox,New York Yankees,Yankee Stadium,pending,,,,,,Scheduled,
823536,2026-06-17,Chicago White Sox,New York Yankees,Yankee Stadium,pending,,,,,,Scheduled,
823537,2026-06-07,Boston Red Sox,New York Yankees,Yankee Stadium,pending,,,,,,Scheduled,
823538,2026-06-05,Boston Red Sox,New York Yankees,Yankee Stadium,pending,,,,,,Scheduled,
823539,2026-06-06,Boston Red Sox,New York Yankees,Yankee Stadium,pending,,,,,,Scheduled,
823615,2026-06-14,Atlanta Braves,New York Mets,Citi Field,pending,,,,,,Scheduled,
823616,2026-06-13,Atlanta Braves,New York Mets,Citi Field,pending,,,,,,Scheduled,
823617,2026-06-12,Atlanta Braves,New York Mets,Citi Field,pending,,,,,,Scheduled,
823618,2026-06-10,St. Louis Cardinals,New York Mets,Citi Field,pending,,,,,,Scheduled,
823619,2026-06-11,St. Louis Cardinals,New York Mets,Citi Field,pending,,,,,,Scheduled,
823620,2026-06-09,St. Louis Cardinals,New York Mets,Citi Field,pending,,,,,,Scheduled,
823693,2026-06-14,St. Louis Cardinals,Minnesota Twins,Target Field,pending,,,,,,Scheduled,
823694,2026-06-13,St. Louis Cardinals,Minnesota Twins,Target Field,pending,,,,,,Scheduled,
823695,2026-06-12,St. Louis Cardinals,Minnesota Twins,Target Field,pending,,,,,,Scheduled,
823696,2026-06-07,Kansas City Royals,Minnesota Twins,Target Field,pending,,,,,,Scheduled,
823697,2026-06-06,Kansas City Royals,Minnesota Twins,Target Field,pending,,,,,,Scheduled,
823699,2026-06-05,Kansas City Royals,Minnesota Twins,Target Field,pending,,,,,,Scheduled,
823772,2026-06-18,Cleveland Guardians,Milwaukee Brewers,American Family Field,pending,,,,,,Scheduled,
823774,2026-06-17,Cleveland Guardians,Milwaukee Brewers,American Family Field,pending,,,,,,Scheduled,
823775,2026-06-16,Cleveland Guardians,Milwaukee Brewers,American Family Field,pending,,,,,,Scheduled,
823776,2026-06-13,Philadelphia Phillies,Milwaukee Brewers,American Family Field,pending,,,,,,Scheduled,
823777,2026-06-14,Philadelphia Phillies,Milwaukee Brewers,American Family Field,pending,,,,,,Scheduled,
823778,2026-06-12,Philadelphia Phillies,Milwaukee Brewers,American Family Field,pending,,,,,,Scheduled,
823855,2026-06-11,Arizona Diamondbacks,Miami Marlins,loanDepot park,pending,,,,,,Scheduled,
823856,2026-06-10,Arizona Diamondbacks,Miami Marlins,loanDepot park,pending,,,,,,Scheduled,
823857,2026-06-07,Tampa Bay Rays,Miami Marlins,loanDepot park,pending,,,,,,Scheduled,
823858,2026-06-09,Arizona Diamondbacks,Miami Marlins,loanDepot park,pending,,,,,,Scheduled,
823859,2026-06-06,Tampa Bay Rays,Miami Marlins,loanDepot park,pending,,,,,,Scheduled,
823860,2026-06-05,Tampa Bay Rays,Miami Marlins,loanDepot park,pending,,,,,,Scheduled,
823938,2026-06-15,Tampa Bay Rays,Los Angeles Dodgers,UNIQLO Field at Dodger Stadium,pending,,,,,,Scheduled,
823939,2026-06-16,Tampa Bay Rays,Los Angeles Dodgers,UNIQLO Field at Dodger Stadium,pending,,,,,,Scheduled,
823940,2026-06-17,Tampa Bay Rays,Los Angeles Dodgers,UNIQLO Field at Dodger Stadium,pending,,,,,,Scheduled,
823941,2026-06-07,Los Angeles Angels,Los Angeles Dodgers,UNIQLO Field at Dodger Stadium,pending,,,,,,Scheduled,
823942,2026-06-06,Los Angeles Angels,Los Angeles Dodgers,UNIQLO Field at Dodger Stadium,pending,,,,,,Scheduled,
823943,2026-06-05,Los Angeles Angels,Los Angeles Dodgers,UNIQLO Field at Dodger Stadium,pending,,,,,,Scheduled,
824019,2026-06-13,Tampa Bay Rays,Los Angeles Angels,Angel Stadium,pending,,,,,,Scheduled,
824020,2026-06-12,Tampa Bay Rays,Los Angeles Angels,Angel Stadium,pending,,,,,,Scheduled,
824021,2026-06-14,Tampa Bay Rays,Los Angeles Angels,Angel Stadium,pending,,,,,,Scheduled,
824022,2026-06-10,Houston Astros,Los Angeles Angels,Angel Stadium,pending,,,,,,Scheduled,
824023,2026-06-09,Houston Astros,Los Angeles Angels,Angel Stadium,pending,,,,,,Scheduled,
824025,2026-06-08,Houston Astros,Los Angeles Angels,Angel Stadium,pending,,,,,,Scheduled,
824098,2026-06-18,St. Louis Cardinals,Kansas City Royals,Kauffman Stadium,pending,,,,,,Scheduled,
824099,2026-06-14,Houston Astros,Kansas City Royals,Kauffman Stadium,pending,,,,,,Scheduled,
824100,2026-06-13,Houston Astros,Kansas City Royals,Kauffman Stadium,pending,,,,,,Scheduled,
824101,2026-06-11,Texas Rangers,Kansas City Royals,Kauffman Stadium,pending,,,,,,Scheduled,
824102,2026-06-12,Houston Astros,Kansas City Royals,Kauffman Stadium,pending,,,,,,Scheduled,
824103,2026-06-10,Texas Rangers,Kansas City Royals,Kauffman Stadium,pending,,,,,,Scheduled,
824105,2026-06-09,Texas Rangers,Kansas City Royals,Kauffman Stadium,pending,,,,,,Scheduled,
824178,2026-06-17,Detroit Tigers,Houston Astros,Daikin Park,pending,,,,,,Scheduled,
824181,2026-06-15,Detroit Tigers,Houston Astros,Daikin Park,pending,,,,,,Scheduled,
824182,2026-06-16,Detroit Tigers,Houston Astros,Daikin Park,pending,,,,,,Scheduled,
824183,2026-06-07,Athletics,Houston Astros,Daikin Park,pending,,,,,,Scheduled,
824184,2026-06-06,Athletics,Houston Astros,Daikin Park,pending,,,,,,Scheduled,
824186,2026-06-05,Athletics,Houston Astros,Daikin Park,pending,,,,,,Scheduled,
824265,2026-06-11,Minnesota Twins,Detroit Tigers,Comerica Park,pending,,,,,,Scheduled,
824266,2026-06-10,Minnesota Twins,Detroit Tigers,Comerica Park,pending,,,,,,Scheduled,
824267,2026-06-09,Minnesota Twins,Detroit Tigers,Comerica Park,pending,,,,,,Scheduled,
824268,2026-06-07,Seattle Mariners,Detroit Tigers,Comerica Park,pending,,,,,,Scheduled,
824269,2026-06-06,Seattle Mariners,Detroit Tigers,Comerica Park,pending,,,,,,Scheduled,
824271,2026-06-05,Seattle Mariners,Detroit Tigers,Comerica Park,pending,,,,,,Pre-Game,
824346,2026-06-11,Chicago Cubs,Colorado Rockies,Coors Field,pending,,,,,,Scheduled,
824347,2026-06-09,Chicago Cubs,Colorado Rockies,Coors Field,pending,,,,,,Scheduled,
824348,2026-06-10,Chicago Cubs,Colorado Rockies,Coors Field,pending,,,,,,Scheduled,
824349,2026-06-07,Milwaukee Brewers,Colorado Rockies,Coors Field,pending,,,,,,Scheduled,
824350,2026-06-05,Milwaukee Brewers,Colorado Rockies,Coors Field,pending,,,,,,Scheduled,
824351,2026-06-06,Milwaukee Brewers,Colorado Rockies,Coors Field,pending,,,,,,Scheduled,
824424,2026-06-14,Detroit Tigers,Cleveland Guardians,Progressive Field,pending,,,,,,Scheduled,
824425,2026-06-12,Detroit Tigers,Cleveland Guardians,Progressive Field,pending,,,,,,Scheduled,
824426,2026-06-13,Detroit Tigers,Cleveland Guardians,Progressive Field,pending,,,,,,Scheduled,
824427,2026-06-08,New York Yankees,Cleveland Guardians,Progressive Field,pending,,,,,,Scheduled,
824428,2026-06-10,New York Yankees,Cleveland Guardians,Progressive Field,pending,,,,,,Scheduled,
824429,2026-06-09,New York Yankees,Cleveland Guardians,Progressive Field,pending,,,,,,Scheduled,
824503,2026-06-17,New York Mets,Cincinnati Reds,Great American Ball Park,pending,,,,,,Scheduled,
824504,2026-06-16,New York Mets,Cincinnati Reds,Great American Ball Park,pending,,,,,,Scheduled,
824505,2026-06-15,New York Mets,Cincinnati Reds,Great American Ball Park,pending,,,,,,Scheduled,
824506,2026-06-14,Arizona Diamondbacks,Cincinnati Reds,Great American Ball Park,pending,,,,,,Scheduled,
824507,2026-06-12,Arizona Diamondbacks,Cincinnati Reds,Great American Ball Park,pending,,,,,,Scheduled,
824508,2026-06-13,Arizona Diamondbacks,Cincinnati Reds,Great American Ball Park,pending,,,,,,Scheduled,
824586,2026-06-14,Los Angeles Dodgers,Chicago White Sox,Rate Field,pending,,,,,,Scheduled,
824587,2026-06-13,Los Angeles Dodgers,Chicago White Sox,Rate Field,pending,,,,,,Scheduled,
824588,2026-06-12,Los Angeles Dodgers,Chicago White Sox,Rate Field,pending,,,,,,Scheduled,
824589,2026-06-11,Atlanta Braves,Chicago White Sox,Rate Field,pending,,,,,,Scheduled,
824590,2026-06-10,Atlanta Braves,Chicago White Sox,Rate Field,pending,,,,,,Scheduled,
824591,2026-06-09,Atlanta Braves,Chicago White Sox,Rate Field,pending,,,,,,Scheduled,
824666,2026-06-15,Colorado Rockies,Chicago Cubs,Wrigley Field,pending,,,,,,Scheduled,
824667,2026-06-16,Colorado Rockies,Chicago Cubs,Wrigley Field,pending,,,,,,Scheduled,
824668,2026-06-17,Colorado Rockies,Chicago Cubs,Wrigley Field,pending,,,,,,Scheduled,
824669,2026-06-06,San Francisco Giants,Chicago Cubs,Wrigley Field,pending,,,,,,Scheduled,
824670,2026-06-07,San Francisco Giants,Chicago Cubs,Wrigley Field,pending,,,,,,Scheduled,
824673,2026-06-05,San Francisco Giants,Chicago Cubs,Wrigley Field,pending,,,,,,Delayed Start: Inclement Weather,
824746,2026-06-17,Toronto Blue Jays,Boston Red Sox,Fenway Park,pending,,,,,,Scheduled,
824748,2026-06-18,Toronto Blue Jays,Boston Red Sox,Fenway Park,pending,,,,,,Scheduled,
824749,2026-06-13,Texas Rangers,Boston Red Sox,Fenway Park,pending,,,,,,Scheduled,
824750,2026-06-16,Toronto Blue Jays,Boston Red Sox,Fenway Park,pending,,,,,,Scheduled,
824751,2026-06-14,Texas Rangers,Boston Red Sox,Fenway Park,pending,,,,,,Scheduled,
824752,2026-06-12,Texas Rangers,Boston Red Sox,Fenway Park,pending,,,,,,Scheduled,
824823,2026-06-14,San Diego Padres,Baltimore Orioles,Oriole Park at Camden Yards,pending,,,,,,Scheduled,
824826,2026-06-12,San Diego Padres,Baltimore Orioles,Oriole Park at Camden Yards,pending,,,,,,Scheduled,
824827,2026-06-11,Seattle Mariners,Baltimore Orioles,Oriole Park at Camden Yards,pending,,,,,,Scheduled,
824828,2026-06-13,San Diego Padres,Baltimore Orioles,Oriole Park at Camden Yards,pending,,,,,,Scheduled,
824829,2026-06-08,Seattle Mariners,Baltimore Orioles,Oriole Park at Camden Yards,pending,,,,,,Scheduled,
824830,2026-06-09,Seattle Mariners,Baltimore Orioles,Oriole Park at Camden Yards,pending,,,,,,Scheduled,
824831,2026-06-10,Seattle Mariners,Baltimore Orioles,Oriole Park at Camden Yards,pending,,,,,,Scheduled,
824911,2026-06-18,San Francisco Giants,Atlanta Braves,Truist Park,pending,,,,,,Scheduled,
824912,2026-06-16,San Francisco Giants,Atlanta Braves,Truist Park,pending,,,,,,Scheduled,
824913,2026-06-17,San Francisco Giants,Atlanta Braves,Truist Park,pending,,,,,,Scheduled,
824914,2026-06-05,Pittsburgh Pirates,Atlanta Braves,Truist Park,pending,,,,,,Scheduled,
824915,2026-06-06,Pittsburgh Pirates,Atlanta Braves,Truist Park,pending,,,,,,Scheduled,
824916,2026-06-07,Pittsburgh Pirates,Atlanta Braves,Truist Park,pending,,,,,,Scheduled,
824989,2026-06-18,Los Angeles Angels,Athletics,Sutter Health Park,pending,,,,,,Scheduled,
824991,2026-06-16,Pittsburgh Pirates,Athletics,Sutter Health Park,pending,,,,,,Scheduled,
824992,2026-06-17,Pittsburgh Pirates,Athletics,Sutter Health Park,pending,,,,,,Scheduled,
824993,2026-06-15,Pittsburgh Pirates,Athletics,Sutter Health Park,pending,,,,,,Scheduled,
824994,2026-06-14,Colorado Rockies,Athletics,Las Vegas Ballpark,pending,,,,,,Scheduled,
824995,2026-06-13,Colorado Rockies,Athletics,Las Vegas Ballpark,pending,,,,,,Scheduled,
824996,2026-06-10,Milwaukee Brewers,Athletics,Las Vegas Ballpark,pending,,,,,,Scheduled,
824997,2026-06-12,Colorado Rockies,Athletics,Las Vegas Ballpark,pending,,,,,,Scheduled,
824998,2026-06-08,Milwaukee Brewers,Athletics,Las Vegas Ballpark,pending,,,,,,Scheduled,
824999,2026-06-09,Milwaukee Brewers,Athletics,Las Vegas Ballpark,pending,,,,,,Scheduled,
825070,2026-06-16,Los Angeles Angels,Arizona Diamondbacks,Chase Field,pending,,,,,,Scheduled,
825071,2026-06-15,Los Angeles Angels,Arizona Diamondbacks,Chase Field,pending,,,,,,Scheduled,
825072,2026-06-17,Los Angeles Angels,Arizona Diamondbacks,Chase Field,pending,,,,,,Scheduled,
825073,2026-06-05,Washington Nationals,Arizona Diamondbacks,Chase Field,pending,,,,,,Scheduled,
825074,2026-06-07,Washington Nationals,Arizona Diamondbacks,Chase Field,pending,,,,,,Scheduled,
825075,2026-06-06,Washington Nationals,Arizona Diamondbacks,Chase Field,pending,,,,,,Scheduled,
